INSERT INTO users (password, bond_holder) VALUES ('uzfE7dcT', 'az holdings inc');
INSERT INTO users (password, bond_holder) VALUES ('HSHA8xPC', 'acme co');
INSERT INTO users (password, bond_holder) VALUES ('85Klu1l2', 'sovereign investments');
INSERT INTO users (password, bond_holder) VALUES ('CKrKwvpx', 'astra trading ltd');
INSERT INTO users (password, bond_holder) VALUES ('33bniyGi', 'muncipal gov of orange county');
INSERT INTO users (password, bond_holder) VALUES ('ccM8B9aQ', 'goldman sachs');
INSERT INTO users (password, bond_holder) VALUES ('bQB8XROw', 'ubs');
INSERT INTO users (password, bond_holder) VALUES ('1tA09dP3', 'barclays');
INSERT INTO users (password, bond_holder) VALUES ('iO654gzv', 'british telecom');
INSERT INTO users (password, bond_holder) VALUES ('iqQM6WIf', 'pension holdings');
INSERT INTO users (password, bond_holder) VALUES ('TVubm2v2', 'zurich pension fund 4');
INSERT INTO book (name) VALUES ('trading_book_1');
INSERT INTO book (name) VALUES ('trading_book_2');
INSERT INTO book (name) VALUES ('trading_book_3');
INSERT INTO book (name) VALUES ('trading_book_4');
INSERT INTO book (name) VALUES ('trading_book_6');
INSERT INTO counterparty (name) VALUES ('"BNPParibasIssu 4');
INSERT INTO counterparty (name) VALUES ('Airbus 3.15%  USD');
INSERT INTO counterparty (name) VALUES ('UBS Facebook (USD)');
INSERT INTO counterparty (name) VALUES ('Amazon');
INSERT INTO counterparty (name) VALUES ('HM Treasury United Kingdon');
INSERT INTO counterparty (name) VALUES ('TEMASEK FINL I LTD GLOBAL MEDIUM TERM NTS BOOK ENTRY REG S');
INSERT INTO counterparty (name) VALUES ('First Norway Alpha Kl.IV');
INSERT INTO security (isin,cusip,issuer_name,maturity_date,coupon,type,face_value,currency,status) VALUES ('XS1988387210', 'null', '"BNPParibasIssu 4', '37% Microsoft Corp (USD)"','4.37','buy','1000','USD','open');
INSERT INTO security (isin,cusip,issuer_name,maturity_date,coupon,type,face_value,currency,status) VALUES ('XS1988387210', 'null', '"BNPParibasIssu 4', '37% Microsoft Corp (USD)"','4.37','sell','1000','USD','open');
INSERT INTO security (isin,cusip,issuer_name,maturity_date,coupon,type,face_value,currency,status) VALUES ('USN0280EAR64', '123456780', 'Airbus 3.15%  USD', '30/07/2021','3.15','buy','900','USD','open');
INSERT INTO security (isin,cusip,issuer_name,maturity_date,coupon,type,face_value,currency,status) VALUES ('USN0280EAR64', '123456780', 'Airbus 3.15%  USD', '30/07/2021','3.15','sell','900','USD','open');
INSERT INTO security (isin,cusip,issuer_name,maturity_date,coupon,type,face_value,currency,status) VALUES ('A12356111', '123456bh0', 'UBS Facebook (USD)', '30/09/2021','2','buy','900','USD','open');
INSERT INTO security (isin,cusip,issuer_name,maturity_date,coupon,type,face_value,currency,status) VALUES ('USN0280EAR64', '123456780', 'Airbus 3.15%  USD', '30/07/2021','3.15','buy','900','USD','open');
INSERT INTO security (isin,cusip,issuer_name,maturity_date,coupon,type,face_value,currency,status) VALUES ('A12356111', '123456bh0', 'UBS Facebook (USD)', '30/09/2021','2','sell','900','USD','open');
INSERT INTO security (isin,cusip,issuer_name,maturity_date,coupon,type,face_value,currency,status) VALUES ('USU02320AG12', 'AMZN 3.15 08/22/27 REGS', 'Amazon', '03/08/2021','3.15','buy','900','USD','open');
INSERT INTO security (isin,cusip,issuer_name,maturity_date,coupon,type,face_value,currency,status) VALUES ('USU02320AG12', 'AMZN 3.15 08/22/27 REGS', 'Amazon', '03/08/2021','3.15','buy','900','USD','open');
INSERT INTO security (isin,cusip,issuer_name,maturity_date,coupon,type,face_value,currency,status) VALUES ('GB00B6460505', 'BDCHBW8', 'HM Treasury United Kingdon', '09/08/2021','0.75','buy','900','GBP','open');
INSERT INTO security (isin,cusip,issuer_name,maturity_date,coupon,type,face_value,currency,status) VALUES ('GB00B6460506', 'BDCHBW8', 'HM Treasury United Kingdon', '09/08/2021','0.75','sell','900','GBP','open');
INSERT INTO security (isin,cusip,issuer_name,maturity_date,coupon,type,face_value,currency,status) VALUES ('GB00B6460507', 'BDCHBW8', 'HM Treasury United Kingdon', '09/08/2021','0.75','buy','900','GBP','open');
INSERT INTO security (isin,cusip,issuer_name,maturity_date,coupon,type,face_value,currency,status) VALUES ('GB00B6460508', 'BDCHBW8', 'HM Treasury United Kingdon', '09/08/2021','0.75','sell','900','GBP','open');
INSERT INTO security (isin,cusip,issuer_name,maturity_date,coupon,type,face_value,currency,status) VALUES ('GB00B6460509', 'BDCHBW8', 'HM Treasury United Kingdon', '09/08/2021','0.75','buy','900','GBP','open');
INSERT INTO security (isin,cusip,issuer_name,maturity_date,coupon,type,face_value,currency,status) VALUES ('GB00B6460510', 'BDCHBW8', 'HM Treasury United Kingdon', '09/08/2021','0.75','buy','900','GBP','open');
INSERT INTO security (isin,cusip,issuer_name,maturity_date,coupon,type,face_value,currency,status) VALUES ('GB00B6460511', 'BDCHBW8', 'HM Treasury United Kingdon', '09/08/2021','0.75','sell','900','GBP','open');
INSERT INTO security (isin,cusip,issuer_name,maturity_date,coupon,type,face_value,currency,status) VALUES ('GB00B6460512', 'BDCHBW8', 'HM Treasury United Kingdon', '09/08/2021','0.75','buy','900','GBP','open');
INSERT INTO security (isin,cusip,issuer_name,maturity_date,coupon,type,face_value,currency,status) VALUES ('GB00B6460513', 'BDCHBW8', 'HM Treasury United Kingdon', '09/08/2021','0.75','buy','900','GBP','open');
INSERT INTO security (isin,cusip,issuer_name,maturity_date,coupon,type,face_value,currency,status) VALUES ('GB00B6460514', 'BDCHBW8', 'HM Treasury United Kingdon', '09/08/2021','0.75','buy','900','GBP','open');
INSERT INTO security (isin,cusip,issuer_name,maturity_date,coupon,type,face_value,currency,status) VALUES ('GB00B6460515', 'BDCHBW8', 'HM Treasury United Kingdon', '09/08/2021','0.75','sell','900','GBP','open');
INSERT INTO security (isin,cusip,issuer_name,maturity_date,coupon,type,face_value,currency,status) VALUES ('US87973RAA86', '87973RAA8', 'TEMASEK FINL I LTD GLOBAL MEDIUM TERM NTS BOOK ENTRY REG S', '06/08/2021','2.02','buy','690','USD','open');
INSERT INTO security (isin,cusip,issuer_name,maturity_date,coupon,type,face_value,currency,status) VALUES ('US87973RAA86', '87973RAA8', 'TEMASEK FINL I LTD GLOBAL MEDIUM TERM NTS BOOK ENTRY REG S', '06/08/2021','2.02','buy','690','USD','open');
INSERT INTO security (isin,cusip,issuer_name,maturity_date,coupon,type,face_value,currency,status) VALUES ('US87973RAA86', '87973RAA8', 'TEMASEK FINL I LTD GLOBAL MEDIUM TERM NTS BOOK ENTRY REG S', '06/08/2021','2.02','buy','690','USD','open');
INSERT INTO security (isin,cusip,issuer_name,maturity_date,coupon,type,face_value,currency,status) VALUES ('US87973RAA86', '87973RAA8', 'TEMASEK FINL I LTD GLOBAL MEDIUM TERM NTS BOOK ENTRY REG S', '06/08/2021','2.02','buy','690','USD','open');
INSERT INTO security (isin,cusip,issuer_name,maturity_date,coupon,type,face_value,currency,status) VALUES ('IE00B29LNP31', '87973RAA8', 'First Norway Alpha Kl.IV', '22/12/2030','1.123','buy','340','USD','open');
INSERT INTO security (isin,cusip,issuer_name,maturity_date,coupon,type,face_value,currency,status) VALUES ('IE00B29LNP31', '87973RAA8', 'First Norway Alpha Kl.IV', '22/12/2030','1.123','buy','340','USD','open');
INSERT INTO security (isin,cusip,issuer_name,maturity_date,coupon,type,face_value,currency,status) VALUES ('IE00B29LNP31', '87973RAA8', 'First Norway Alpha Kl.IV', '22/12/2030','1.123','buy','340','USD','open');
INSERT INTO security (isin,cusip,issuer_name,maturity_date,coupon,type,face_value,currency,status) VALUES ('IE00B29LNP31', '87973RAA8', 'First Norway Alpha Kl.IV', '22/12/2030','1.123','sell','340','USD','open');
